Cross,Cross2,Allele,PlantID,cis_m,cis_s,trans_m,trans_s,trans_ms,trans_mb,trans_sb,cis_m_trans_b,cis_m_trans_m,cis_m_trans_s,cis_s_trans_b,cis_s_trans_m,cis_s_trans_s,cis_b_trans_b,cis_b_trans_m,cis_b_trans_s,cis_m_trans_mb,cis_m_trans_ms,cis_s_trans_sb,cis_s_trans_ms,cis_b_trans_mb,cis_b_trans_sb
SAMxB73,1,SAM,1,0,1,0,1,0,0,1,0,0,0,1,0,1,0,0,0,0,0,1,0,0,0
SAMxB73,1,B73,1,0,0,0,1,0,0,1,0,0,0,0,0,0,1,0,1,0,0,0,0,0,1
SAMxB73,1,SAM,2,0,1,0,1,0,0,1,0,0,0,1,0,1,0,0,0,0,0,1,0,0,0
SAMxB73,1,B73,2,0,0,0,1,0,0,1,0,0,0,0,0,0,1,0,1,0,0,0,0,0,1
SAMxB73,1,SAM,3,0,1,0,1,0,0,1,0,0,0,1,0,1,0,0,0,0,0,1,0,0,0
SAMxB73,1,B73,3,0,0,0,1,0,0,1,0,0,0,0,0,0,1,0,1,0,0,0,0,0,1
SAMxB73,2,SAM,4,0,1,0,1,0,0,1,0,0,0,1,0,1,0,0,0,0,0,1,0,0,0
SAMxB73,2,B73,4,0,0,0,1,0,0,1,0,0,0,0,0,0,1,0,1,0,0,0,0,0,1
SAMxB73,2,SAM,5,0,1,0,1,0,0,1,0,0,0,1,0,1,0,0,0,0,0,1,0,0,0
SAMxB73,2,B73,5,0,0,0,1,0,0,1,0,0,0,0,0,0,1,0,1,0,0,0,0,0,1
SAMxB73,2,SAM,6,0,1,0,1,0,0,1,0,0,0,1,0,1,0,0,0,0,0,1,0,0,0
SAMxB73,2,B73,6,0,0,0,1,0,0,1,0,0,0,0,0,0,1,0,1,0,0,0,0,0,1
SAMxB73,3,SAM,7,0,1,0,1,0,0,1,0,0,0,1,0,1,0,0,0,0,0,1,0,0,0
SAMxB73,3,B73,7,0,0,0,1,0,0,1,0,0,0,0,0,0,1,0,1,0,0,0,0,0,1
SAMxB73,3,SAM,8,0,1,0,1,0,0,1,0,0,0,1,0,1,0,0,0,0,0,1,0,0,0
SAMxB73,3,B73,8,0,0,0,1,0,0,1,0,0,0,0,0,0,1,0,1,0,0,0,0,0,1
SAMxB73,3,SAM,9,0,1,0,1,0,0,1,0,0,0,1,0,1,0,0,0,0,0,1,0,0,0
SAMxB73,3,B73,9,0,0,0,1,0,0,1,0,0,0,0,0,0,1,0,1,0,0,0,0,0,1
SAMxB73,4,SAM,10,0,1,0,1,0,0,1,0,0,0,1,0,1,0,0,0,0,0,1,0,0,0
SAMxB73,4,B73,10,0,0,0,1,0,0,1,0,0,0,0,0,0,1,0,1,0,0,0,0,0,1
SAMxB73,4,SAM,11,0,1,0,1,0,0,1,0,0,0,1,0,1,0,0,0,0,0,1,0,0,0
SAMxB73,4,B73,11,0,0,0,1,0,0,1,0,0,0,0,0,0,1,0,1,0,0,0,0,0,1
SAMxB73,4,SAM,12,0,1,0,1,0,0,1,0,0,0,1,0,1,0,0,0,0,0,1,0,0,0
SAMxB73,4,B73,12,0,0,0,1,0,0,1,0,0,0,0,0,0,1,0,1,0,0,0,0,0,1
MexxB73,5,MEX,13,1,0,1,0,0,1,0,1,1,0,0,0,0,0,0,0,1,0,0,0,0,0
MexxB73,5,B73,13,0,0,1,0,0,1,0,0,0,0,0,0,0,1,1,0,0,0,0,0,1,0
MexxB73,5,MEX,14,1,0,1,0,0,1,0,1,1,0,0,0,0,0,0,0,1,0,0,0,0,0
MexxB73,5,B73,14,0,0,1,0,0,1,0,0,0,0,0,0,0,1,1,0,0,0,0,0,1,0
MexxB73,5,MEX,15,1,0,1,0,0,1,0,1,1,0,0,0,0,0,0,0,1,0,0,0,0,0
MexxB73,5,B73,15,0,0,1,0,0,1,0,0,0,0,0,0,0,1,1,0,0,0,0,0,1,0
MexxB73,6,MEX,16,1,0,1,0,0,1,0,1,1,0,0,0,0,0,0,0,1,0,0,0,0,0
MexxB73,6,B73,16,0,0,1,0,0,1,0,0,0,0,0,0,0,1,1,0,0,0,0,0,1,0
MexxB73,6,MEX,17,1,0,1,0,0,1,0,1,1,0,0,0,0,0,0,0,1,0,0,0,0,0
MexxB73,6,B73,17,0,0,1,0,0,1,0,0,0,0,0,0,0,1,1,0,0,0,0,0,1,0
MexxB73,6,MEX,18,1,0,1,0,0,1,0,1,1,0,0,0,0,0,0,0,1,0,0,0,0,0
MexxB73,6,B73,18,0,0,1,0,0,1,0,0,0,0,0,0,0,1,1,0,0,0,0,0,1,0
MexxB73,7,MEX,19,1,0,1,0,0,1,0,1,1,0,0,0,0,0,0,0,1,0,0,0,0,0
MexxB73,7,B73,19,0,0,1,0,0,1,0,0,0,0,0,0,0,1,1,0,0,0,0,0,1,0
MexxB73,7,MEX,20,1,0,1,0,0,1,0,1,1,0,0,0,0,0,0,0,1,0,0,0,0,0
MexxB73,7,B73,20,0,0,1,0,0,1,0,0,0,0,0,0,0,1,1,0,0,0,0,0,1,0
MexxB73,7,MEX,21,1,0,1,0,0,1,0,1,1,0,0,0,0,0,0,0,1,0,0,0,0,0
MexxB73,7,B73,21,0,0,1,0,0,1,0,0,0,0,0,0,0,1,1,0,0,0,0,0,1,0
MexxB73,8,MEX,22,1,0,1,0,0,1,0,1,1,0,0,0,0,0,0,0,1,0,0,0,0,0
MexxB73,8,B73,22,0,0,1,0,0,1,0,0,0,0,0,0,0,1,1,0,0,0,0,0,1,0
MexxB73,8,MEX,23,1,0,1,0,0,1,0,1,1,0,0,0,0,0,0,0,1,0,0,0,0,0
MexxB73,8,B73,23,0,0,1,0,0,1,0,0,0,0,0,0,0,1,1,0,0,0,0,0,1,0
MexxB73,8,MEX,24,1,0,1,0,0,1,0,1,1,0,0,0,0,0,0,0,1,0,0,0,0,0
MexxB73,8,B73,24,0,0,1,0,0,1,0,0,0,0,0,0,0,1,1,0,0,0,0,0,1,0
SAMxMex,9,SAM,25,0,1,1,1,1,0,0,0,0,0,0,1,1,0,0,0,0,0,0,1,0,0
SAMxMex,9,MEX,25,1,0,1,1,1,0,0,0,1,1,0,0,0,0,0,0,0,1,0,0,0,0
SAMxMex,9,SAM,26,0,1,1,1,1,0,0,0,0,0,0,1,1,0,0,0,0,0,0,1,0,0
SAMxMex,9,MEX,26,1,0,1,1,1,0,0,0,1,1,0,0,0,0,0,0,0,1,0,0,0,0
SAMxMex,9,SAM,27,0,1,1,1,1,0,0,0,0,0,0,1,1,0,0,0,0,0,0,1,0,0
SAMxMex,9,MEX,27,1,0,1,1,1,0,0,0,1,1,0,0,0,0,0,0,0,1,0,0,0,0
SAMxMex,10,SAM,28,0,1,1,1,1,0,0,0,0,0,0,1,1,0,0,0,0,0,0,1,0,0
SAMxMex,10,MEX,28,1,0,1,1,1,0,0,0,1,1,0,0,0,0,0,0,0,1,0,0,0,0
SAMxMex,10,SAM,29,0,1,1,1,1,0,0,0,0,0,0,1,1,0,0,0,0,0,0,1,0,0
SAMxMex,10,MEX,29,1,0,1,1,1,0,0,0,1,1,0,0,0,0,0,0,0,1,0,0,0,0
SAMxMex,10,SAM,30,0,1,1,1,1,0,0,0,0,0,0,1,1,0,0,0,0,0,0,1,0,0
SAMxMex,10,MEX,30,1,0,1,1,1,0,0,0,1,1,0,0,0,0,0,0,0,1,0,0,0,0
SAMxMex,11,SAM,31,0,1,1,1,1,0,0,0,0,0,0,1,1,0,0,0,0,0,0,1,0,0
SAMxMex,11,MEX,31,1,0,1,1,1,0,0,0,1,1,0,0,0,0,0,0,0,1,0,0,0,0
SAMxMex,11,SAM,32,0,1,1,1,1,0,0,0,0,0,0,1,1,0,0,0,0,0,0,1,0,0
SAMxMex,11,SAM,32,1,0,1,1,1,0,0,0,1,1,0,0,0,0,0,0,0,1,0,0,0,0
SAMxMex,11,MEX,33,0,1,1,1,1,0,0,0,0,0,0,1,1,0,0,0,0,0,0,1,0,0
SAMxMex,11,SAM,33,1,0,1,1,1,0,0,0,1,1,0,0,0,0,0,0,0,1,0,0,0,0
SAMxMex,12,MEX,34,0,1,1,1,1,0,0,0,0,0,0,1,1,0,0,0,0,0,0,1,0,0
SAMxMex,12,SAM,34,1,0,1,1,1,0,0,0,1,1,0,0,0,0,0,0,0,1,0,0,0,0
SAMxMex,12,MEX,35,0,1,1,1,1,0,0,0,0,0,0,1,1,0,0,0,0,0,0,1,0,0
SAMxMex,12,SAM,35,1,0,1,1,1,0,0,0,1,1,0,0,0,0,0,0,0,1,0,0,0,0
SAMxMex,12,MEX,36,0,1,1,1,1,0,0,0,0,0,0,1,1,0,0,0,0,0,0,1,0,0
SAMxMex,12,SAM,36,1,0,1,1,1,0,0,0,1,1,0,0,0,0,0,0,0,1,0,0,0,0